video_id,comment_id,author,text,published_at,like_count,reply_count,video_title,video_channel,is_coastal_hazard,is_indian_coastal
qmDJne9yAPo,UgzSjRNVnmu7zMxuVpR4AaABAg,@babasahebkamble1997,‡§ú‡§ø‡§µ‡•Ä‡§§‡§π‡§æ‡§®‡•Ä ‡§ù‡§æ‡§≤‡•Ä ‡§®‡§∏‡§æ‡§µ‡•Ä ‡§π‡•Ä ‡§Ü‡§∂‡§æ ‡§¨‡§æ‡§≥‡§ó‡•Å‡§Ø‡§æüôè,2025-09-13T10:50:55Z,0,0,Chandrapur Rain Update :  ‡§™‡•Å‡§∞‡§æ‡§ö‡•ç‡§Ø‡§æ ‡§™‡§æ‡§£‡•ç‡§Ø‡§æ‡§§ ‡§∞‡•á‡§≤‡•ç‡§µ‡•á ‡§¨‡•ç‡§∞‡§ø‡§ú‡§ñ‡§æ‡§≤‡•Ä ‡§è‡§∏‡§ö‡•Ä ‡§¨‡§∏ ‡§Ö‡§°‡§ï‡§≤‡•Ä | Maharashtra Flood,Mumbai Tak,False,False
qmDJne9yAPo,UgxoxgGeUyMKtW851bF4AaABAg,@Sp093,‡§ú‡§Ø ‡§Æ‡§π‡§æ‡§Æ‡§Ç‡§°‡§≥üòÇüòÇüòÇ,2025-09-13T07:41:47Z,0,0,Chandrapur Rain Update :  ‡§™‡•Å‡§∞‡§æ‡§ö‡•ç‡§Ø‡§æ ‡§™‡§æ‡§£‡•ç‡§Ø‡§æ‡§§ ‡§∞‡•á‡§≤‡•ç‡§µ‡•á ‡§¨‡•ç‡§∞‡§ø‡§ú‡§ñ‡§æ‡§≤‡•Ä ‡§è‡§∏‡§ö‡•Ä ‡§¨‡§∏ ‡§Ö‡§°‡§ï‡§≤‡•Ä | Maharashtra Flood,Mumbai Tak,False,False
CN-_Z4vkvY0,Ugwu5A1XlFw92CJLPJN4AaABAg,@dhanushyuvi,Wow ‚ù§‚ù§,2025-09-01T20:10:05Z,0,0,&quot;2  ‡Æ®‡Ææ‡Æü‡Øç‡Æï‡Æ≥‡ØÅ‡Æï‡Øç‡Æï‡ØÅ ‡Æï‡ØÅ‡Æü‡Øà‡ÆØ‡Øà ‡ÆÆ‡Æ±‡Æï‡Øç‡Æï‡Ææ‡Æ§‡ØÄ‡Æô‡Øç‡Æï!&quot; | TN Rain Update,PuthiyathalaimuraiTV,False,False
CN-_Z4vkvY0,UgxXuo2lEmRHwXQkdNh4AaABAg,@juliao52,Hola amigo,2025-09-01T18:25:44Z,1,0,&quot;2  ‡Æ®‡Ææ‡Æü‡Øç‡Æï‡Æ≥‡ØÅ‡Æï‡Øç‡Æï‡ØÅ ‡Æï‡ØÅ‡Æü‡Øà‡ÆØ‡Øà ‡ÆÆ‡Æ±‡Æï‡Øç‡Æï‡Ææ‡Æ§‡ØÄ‡Æô‡Øç‡Æï!&quot; | TN Rain Update,PuthiyathalaimuraiTV,False,False
CN-_Z4vkvY0,Ugw2RjrZ3UKLuyzP4IV4AaABAg,@juliao52,Chuva forte,2025-09-01T18:26:00Z,0,0,&quot;2  ‡Æ®‡Ææ‡Æü‡Øç‡Æï‡Æ≥‡ØÅ‡Æï‡Øç‡Æï‡ØÅ ‡Æï‡ØÅ‡Æü‡Øà‡ÆØ‡Øà ‡ÆÆ‡Æ±‡Æï‡Øç‡Æï‡Ææ‡Æ§‡ØÄ‡Æô‡Øç‡Æï!&quot; | TN Rain Update,PuthiyathalaimuraiTV,False,False
CN-_Z4vkvY0,UgxZhsQJq6_JSDNZERF4AaABAg,@juliao52,Hein,2025-09-01T18:26:10Z,0,0,&quot;2  ‡Æ®‡Ææ‡Æü‡Øç‡Æï‡Æ≥‡ØÅ‡Æï‡Øç‡Æï‡ØÅ ‡Æï‡ØÅ‡Æü‡Øà‡ÆØ‡Øà ‡ÆÆ‡Æ±‡Æï‡Øç‡Æï‡Ææ‡Æ§‡ØÄ‡Æô‡Øç‡Æï!&quot; | TN Rain Update,PuthiyathalaimuraiTV,False,False
CbXEtpWdXOc,UgzzDATvH_FIl8Mbgjp4AaABAg,@Ninavlog-k9n,Nice,2025-09-13T10:01:14Z,0,0,‚ÄúUnseen Truth of 2004 Tsunami | Andaman‚Äôs Untold Story‚Äù,Let's Andaman ,False,False
VZMPFXuHPnk,UgycnujicMscuttaNbV4AaABAg,@Empire-b1,Aap Jo screen per yah photo video dikha rahe the vah kisne banaya hoga,2025-09-11T11:50:41Z,1,0,‚ÄúThe Most Dangerous Island in India üå¥‚ö†Ô∏è | North Sentinel Mystery‚Äù,And fact,False,False
7cnCWa8ZLi0,UgxFHjESfhbY49hIzUd4AaABAg,@internetbooks,‡¨¨‡¨π‡≠Å‡¨§ ‡¨∏‡≠Å‡¨®‡≠ç‡¨¶‡¨∞ ‡¨â‡¨™‡¨∏‡≠ç‡¨•‡¨æ‡¨™‡¨®..‡¨¶‡≠á‡¨ñ‡¨ø‡¨ï‡¨ø ‡¨¨‡¨π‡≠Å‡¨§‡≠ç ‡¨¶‡≠Å‡¨É‡¨ñ ‡¨≤‡¨æ‡¨ó‡¨ø‡¨≤‡¨æ ‡¨∂‡¨ø‡¨Ü‡¨≥‡¨ø ‡¨∞ ‡¨Ö‡¨¨‡¨∏‡≠ç‡¨•‡¨æ.,2025-08-23T05:11:28Z,14,2,‡¨∞‡¨æ‡¨ï‡≠ç‡¨∑‡¨∏ ‡¨∏‡¨Æ‡≠Å‡¨¶‡≠ç‡¨∞ ‡¨∏‡¨¨‡≠Å ‡¨ñ‡¨æ‡¨á‡¨ó‡¨≤‡¨æ / Siali Beach Jagatsinghpur / Erasama Jagatsinghpur / 1999 Super Cyclone,Odiya Vlogger,False,False
7cnCWa8ZLi0,UgyDWrSnxMbrhb-ozQN4AaABAg,@CobraSubhendu,‡¨∏‡≠Å‡¨®‡≠ç‡¨¶‡¨∞‡≠ç ‡¨â‡¨™‡¨∏‡≠ç‡¨•‡¨æ‡¨™‡¨® ‡¨ï‡¨ø‡¨®‡≠ç‡¨§‡≠Å ‡¨∏‡¨Æ‡≠Å‡¨¶‡≠ç‡¨∞ ‡¨ï‡≠Å ‡¨∞‡¨æ‡¨ï‡≠ç‡¨∑‡¨∏ ‡¨ï‡¨≤‡¨æ ‡¨ï‡¨ø‡¨è? ‡¨∏‡¨Æ‡≠Ç‡¨¶‡≠ç‡¨∞ ‡¨ï‡¨∞‡¨æ‡¨≥ ‡¨∞‡≠Ç‡¨™ ‡¨ï‡≠á‡¨¨‡¨≥ ‡¨Æ‡¨£‡¨ø‡¨∑ ‡¨™‡¨æ‡¨á‡¨Å üòä,2025-08-23T05:16:57Z,37,3,‡¨∞‡¨æ‡¨ï‡≠ç‡¨∑‡¨∏ ‡¨∏‡¨Æ‡≠Å‡¨¶‡≠ç‡¨∞ ‡¨∏‡¨¨‡≠Å ‡¨ñ‡¨æ‡¨á‡¨ó‡¨≤‡¨æ / Siali Beach Jagatsinghpur / Erasama Jagatsinghpur / 1999 Super Cyclone,Odiya Vlogger,False,False
7cnCWa8ZLi0,Ugzoah-_8yttGTLVXeN4AaABAg,@santoshmohanty6043,"‡¨¨‡¨π‡≠Å‡¨§‡≠ç ‡¨¨‡¨¢‡¨ø‡¨Ü ‡¨ú‡¨æ‡¨ó‡¨æ ‡¨Ü‡¨ú‡≠ç‡¨û‡¨æ, ‡¨∞‡¨æ‡¨∏‡≠ç‡¨§‡¨æ ‡¨Ö‡¨§‡¨ø‡¨ï‡≠ç‡¨∞‡¨Æ ‡¨ï‡¨∞‡≠Å‡¨•‡¨ø‡¨¨‡¨æ ‡¨¨‡≠á‡¨≥‡≠á ‡¨¨‡¨π‡≠Å‡¨§‡≠ç ‡¨∏‡≠Å‡¨®‡≠ç‡¨¶‡¨∞ ‡¨¶‡≠É‡¨∂‡≠ç‡≠ü ‡¨≤‡¨æ‡¨ó‡≠Å‡¨•‡¨ø‡¨≤‡¨æ, ‡¨Ü‡¨â ‡¨∏‡≠á ‡¨ó‡¨æ‡¨Å ‡¨∞ ‡¨ö‡¨æ‡¨≥ ‡¨ò‡¨∞ ‡¨ó‡≠Å‡¨°‡¨º‡¨ø‡¨ï ‡¨ñ‡≠Å‡¨¨‡≠ç ‡¨∏‡≠Å‡¨®‡≠ç‡¨¶‡¨∞",2025-08-23T13:17:29Z,12,5,‡¨∞‡¨æ‡¨ï‡≠ç‡¨∑‡¨∏ ‡¨∏‡¨Æ‡≠Å‡¨¶‡≠ç‡¨∞ ‡¨∏‡¨¨‡≠Å ‡¨ñ‡¨æ‡¨á‡¨ó‡¨≤‡¨æ / Siali Beach Jagatsinghpur / Erasama Jagatsinghpur / 1999 Super Cyclone,Odiya Vlogger,False,False
7cnCWa8ZLi0,Ugw8Fu4c-Yam7rpUBrd4AaABAg,@GautamPradhan-o6j,I love Jagatasinghpur,2025-08-24T17:11:24Z,5,1,‡¨∞‡¨æ‡¨ï‡≠ç‡¨∑‡¨∏ ‡¨∏‡¨Æ‡≠Å‡¨¶‡≠ç‡¨∞ ‡¨∏‡¨¨‡≠Å ‡¨ñ‡¨æ‡¨á‡¨ó‡¨≤‡¨æ / Siali Beach Jagatsinghpur / Erasama Jagatsinghpur / 1999 Super Cyclone,Odiya Vlogger,False,False
7cnCWa8ZLi0,UgxnJcoTeW4k-UyQ-N54AaABAg,@sarojkumardas4918,‡¨Ø‡¨π‡¨æ ‡¨π‡≠á‡¨â ‡¨∏‡≠Å‡¨®‡≠ç‡¨¶‡¨∞ ‡¨∏‡≠Å‡¨®‡≠ç‡¨¶‡¨∞ ‡¨∏‡≠ç‡¨•‡¨æ‡¨® ‡¨¶‡≠á‡¨ñ‡¨æ‡¨á‡¨¨‡¨æ ‡¨™‡¨æ‡¨á‡¨Å ‡¨ß‡¨®‡≠ç‡≠ü‡¨¨‡¨æ‡¨¶,2025-08-25T12:01:21Z,3,1,‡¨∞‡¨æ‡¨ï‡≠ç‡¨∑‡¨∏ ‡¨∏‡¨Æ‡≠Å‡¨¶‡≠ç‡¨∞ ‡¨∏‡¨¨‡≠Å ‡¨ñ‡¨æ‡¨á‡¨ó‡¨≤‡¨æ / Siali Beach Jagatsinghpur / Erasama Jagatsinghpur / 1999 Super Cyclone,Odiya Vlogger,False,False
7cnCWa8ZLi0,UgzeM6p6x0V7yu2u6R14AaABAg,@maninilenka2626,Keun mane jagatsinghpur ru dekhucha vainku like kara‚ù§,2025-08-23T19:38:47Z,11,1,‡¨∞‡¨æ‡¨ï‡≠ç‡¨∑‡¨∏ ‡¨∏‡¨Æ‡≠Å‡¨¶‡≠ç‡¨∞ ‡¨∏‡¨¨‡≠Å ‡¨ñ‡¨æ‡¨á‡¨ó‡¨≤‡¨æ / Siali Beach Jagatsinghpur / Erasama Jagatsinghpur / 1999 Super Cyclone,Odiya Vlogger,False,False
7cnCWa8ZLi0,UgxpJnhT1vukIAKNhQF4AaABAg,@sumantanayak-likun,‡¨Ü‡¨ú‡¨ø ‡¨è‡¨á ‡¨™‡¨∞‡¨ø‡¨∏‡≠ç‡¨•‡¨ø‡¨§‡¨ø ‡¨è‡¨á ‡¨Æ‡¨£‡¨ø‡¨∑ rupi ‡¨∞‡¨æ‡¨ï‡≠ç‡¨∑‡¨∏ ‡¨Æ‡¨æ‡¨®‡¨ô‡≠ç‡¨ï ‡¨™‡¨æ‡¨á‡¨Å ‡¨è‡¨§ ‡¨Ü‡¨∞‡¨Æ‡≠ç‡¨≠ ‡¨Æ‡¨æ‡¨§‡≠ç‡¨∞ ‡¨Ü‡¨ó‡¨ï‡≠Å ‡¨¨‡≠ã‡¨π‡≠Å‡¨§ ‡¨π‡¨á‡¨∞‡¨æ‡¨£ ‡¨ï‡¨∑‡≠ç‡¨ü ‡¨¶‡≠Å‡¨É‡¨ñ ‡¨Ü‡¨∏‡¨ø‡¨¨‡¨æ‡¨ï‡≠Å ‡¨Ø‡¨æ‡¨â‡¨õ‡¨ø,2025-08-26T15:33:08Z,4,1,‡¨∞‡¨æ‡¨ï‡≠ç‡¨∑‡¨∏ ‡¨∏‡¨Æ‡≠Å‡¨¶‡≠ç‡¨∞ ‡¨∏‡¨¨‡≠Å ‡¨ñ‡¨æ‡¨á‡¨ó‡¨≤‡¨æ / Siali Beach Jagatsinghpur / Erasama Jagatsinghpur / 1999 Super Cyclone,Odiya Vlogger,False,False
7cnCWa8ZLi0,Ugy6gBVLaRS53BedwZx4AaABAg,@sameerswain8865,I love Jagatsinghpur ‚ù§‚ù§‚ù§‚ù§,2025-08-24T17:46:31Z,3,1,‡¨∞‡¨æ‡¨ï‡≠ç‡¨∑‡¨∏ ‡¨∏‡¨Æ‡≠Å‡¨¶‡≠ç‡¨∞ ‡¨∏‡¨¨‡≠Å ‡¨ñ‡¨æ‡¨á‡¨ó‡¨≤‡¨æ / Siali Beach Jagatsinghpur / Erasama Jagatsinghpur / 1999 Super Cyclone,Odiya Vlogger,False,False
7cnCWa8ZLi0,Ugz1I0eh-XhcQMI54Td4AaABAg,@rajesharchidhome,‡¨≠‡¨æ‡¨à ‡¨∏‡¨æ‡¨®‡≠ç‡¨¶‡¨æ‡¨∞ ‡¨ú‡¨¨‡¨∞‡¨¶‡¨∏‡≠ç‡¨§ ‡¨≠‡¨ø‡¨°‡¨º‡¨ø‡¨ì..‡¨™‡≠ç‡¨∞‡¨ï‡≠É‡¨§‡¨ø ‡¨Ü‡¨ó‡¨∞‡≠á ‡¨Æ‡¨£‡¨ø‡¨∑ ‡¨ï‡¨ø‡¨õ‡¨ø ‡¨®‡≠Å‡¨π‡¨Å..‡¨∏‡≠á ‡¨≠‡¨æ‡¨á‡¨ô‡≠ç‡¨ï ‡¨∏‡≠ç‡¨Æ‡≠É‡¨§‡¨ø ‡¨Ü‡¨π‡≠Å‡¨∞‡¨ø ‡¨Ö‡¨¶‡≠ç‡¨≠‡≠Å‡¨§..‡≠ß‡≠Ø‡≠Ø‡≠Ø ‡¨Æ‡¨∏‡¨ø‡¨π‡¨æ ‡¨¨‡¨æ‡¨§‡≠ç‡≠ü‡¨æ ‡¨ï‡≠Å ‡¨Ü‡¨Æ‡≠á ‡¨¶‡≠á‡¨ñ‡¨ø‡¨õ‡≠Å..‡¨≠‡¨æ‡¨à ‡¨è‡¨Æ‡¨ø‡¨§‡¨ø‡¨ï‡¨æ ‡¨≠‡¨ø‡¨°‡¨º‡¨ø‡¨ì ‡¨ï‡¨∞‡¨ø ‡¨ö‡¨æ‡¨≤‡¨®‡≠ç‡¨§‡≠Å‚ù§‚ù§‚ù§‚ù§‚ù§‚ù§‚ù§‚ù§‚ù§,2025-08-23T19:50:03Z,3,1,‡¨∞‡¨æ‡¨ï‡≠ç‡¨∑‡¨∏ ‡¨∏‡¨Æ‡≠Å‡¨¶‡≠ç‡¨∞ ‡¨∏‡¨¨‡≠Å ‡¨ñ‡¨æ‡¨á‡¨ó‡¨≤‡¨æ / Siali Beach Jagatsinghpur / Erasama Jagatsinghpur / 1999 Super Cyclone,Odiya Vlogger,False,False
7cnCWa8ZLi0,UgzEYHFNvD0kwviqaVh4AaABAg,@SarijiniNayak-y9h,Very nice video,2025-08-29T11:32:32Z,2,1,‡¨∞‡¨æ‡¨ï‡≠ç‡¨∑‡¨∏ ‡¨∏‡¨Æ‡≠Å‡¨¶‡≠ç‡¨∞ ‡¨∏‡¨¨‡≠Å ‡¨ñ‡¨æ‡¨á‡¨ó‡¨≤‡¨æ / Siali Beach Jagatsinghpur / Erasama Jagatsinghpur / 1999 Super Cyclone,Odiya Vlogger,False,False
7cnCWa8ZLi0,UgxX78fzFsW2I3frw6p4AaABAg,@sharatsahu7403,Bahut bahut sundar video ‚ù§‚ù§,2025-09-05T08:57:58Z,1,2,‡¨∞‡¨æ‡¨ï‡≠ç‡¨∑‡¨∏ ‡¨∏‡¨Æ‡≠Å‡¨¶‡≠ç‡¨∞ ‡¨∏‡¨¨‡≠Å ‡¨ñ‡¨æ‡¨á‡¨ó‡¨≤‡¨æ / Siali Beach Jagatsinghpur / Erasama Jagatsinghpur / 1999 Super Cyclone,Odiya Vlogger,False,False
7cnCWa8ZLi0,UgwzLpkok-b4OiNHuZN4AaABAg,@AnupamaSahoo-n3e,Bahuta  sundar  lagila,2025-08-28T04:35:09Z,1,1,‡¨∞‡¨æ‡¨ï‡≠ç‡¨∑‡¨∏ ‡¨∏‡¨Æ‡≠Å‡¨¶‡≠ç‡¨∞ ‡¨∏‡¨¨‡≠Å ‡¨ñ‡¨æ‡¨á‡¨ó‡¨≤‡¨æ / Siali Beach Jagatsinghpur / Erasama Jagatsinghpur / 1999 Super Cyclone,Odiya Vlogger,False,False
7cnCWa8ZLi0,UgwnpTztzh2-HFsKCNx4AaABAg,@rekhasahoo-v7y,God bless you,2025-09-11T13:41:09Z,1,1,‡¨∞‡¨æ‡¨ï‡≠ç‡¨∑‡¨∏ ‡¨∏‡¨Æ‡≠Å‡¨¶‡≠ç‡¨∞ ‡¨∏‡¨¨‡≠Å ‡¨ñ‡¨æ‡¨á‡¨ó‡¨≤‡¨æ / Siali Beach Jagatsinghpur / Erasama Jagatsinghpur / 1999 Super Cyclone,Odiya Vlogger,False,False
7cnCWa8ZLi0,UgwepSekHuUV-PhFVyl4AaABAg,@977xxxxx,Iron  and coal dust not black sand bhai,2025-09-03T08:41:42Z,2,1,‡¨∞‡¨æ‡¨ï‡≠ç‡¨∑‡¨∏ ‡¨∏‡¨Æ‡≠Å‡¨¶‡≠ç‡¨∞ ‡¨∏‡¨¨‡≠Å ‡¨ñ‡¨æ‡¨á‡¨ó‡¨≤‡¨æ / Siali Beach Jagatsinghpur / Erasama Jagatsinghpur / 1999 Super Cyclone,Odiya Vlogger,False,False
7cnCWa8ZLi0,UgwUkN2Q0ml9LN1rJPp4AaABAg,@LifeWithMadhusmita,Beautifully described‚ù§,2025-08-23T09:07:36Z,1,1,‡¨∞‡¨æ‡¨ï‡≠ç‡¨∑‡¨∏ ‡¨∏‡¨Æ‡≠Å‡¨¶‡≠ç‡¨∞ ‡¨∏‡¨¨‡≠Å ‡¨ñ‡¨æ‡¨á‡¨ó‡¨≤‡¨æ / Siali Beach Jagatsinghpur / Erasama Jagatsinghpur / 1999 Super Cyclone,Odiya Vlogger,False,False
_XNXdTrVuA4,UgzHIJnaOf7T5ZgWhhB4AaABAg,@chitralekhamohanty5040,Very nice visual üëç,2025-08-18T11:08:11Z,0,0,"Keluni River Mouth Reopens Naturally, Posing Threat to Coastal Villages in Astaranga",Kanak News,False,False
_XNXdTrVuA4,UgypxwOiuuZK7J9FFPh4AaABAg,@RamakantBehera-fl9ie,Very good sight,2025-08-15T11:18:27Z,1,0,"Keluni River Mouth Reopens Naturally, Posing Threat to Coastal Villages in Astaranga",Kanak News,False,False
_XNXdTrVuA4,UgwS3cKK2oyGeaTVL8d4AaABAg,@BruJ-o3s,"Gacha kati deucha tume mane
Pani pasibani üò¢",2025-08-16T16:59:49Z,0,0,"Keluni River Mouth Reopens Naturally, Posing Threat to Coastal Villages in Astaranga",Kanak News,False,False
Zhw_XXwp8r8,Ugx677saYOMB-gNDg_54AaABAg,@sunnygoud6345,WowüòÆ,2025-09-05T04:57:55Z,0,0,From giant ships floating on the horizon to tiny boats braving the tides Goa is all about adventure,The life voyager,False,False
Zhw_XXwp8r8,UgwOCpoOdZL7A1x9Fxt4AaABAg,@sriharigoud4510,‚ù§‚ù§,2025-09-06T05:59:15Z,0,0,From giant ships floating on the horizon to tiny boats braving the tides Goa is all about adventure,The life voyager,False,False
Zhw_XXwp8r8,Ugy__38vLFzLGhlFfo54AaABAg,@NirmalaBurgupalli,üòÆ,2025-09-05T04:50:13Z,0,0,From giant ships floating on the horizon to tiny boats braving the tides Goa is all about adventure,The life voyager,False,False
odIdhGsISfQ,UgzFfvSq4_zuRA8gqsN4AaABAg,@KukaBhaiDabhi,Thank you for12 subscriber,2025-09-14T02:25:34Z,0,0,13 ‡§∏‡§ø‡§§‡§Ç‡§¨‡§∞ ‡§∏‡•á ‡§≤‡•á‡§ï‡§∞ 2 ‡§Ö‡§ï‡•ç‡§ü‡•Ç‡§¨‡§∞ 2025/20 Days Weather Forecast RainFall Precipitation Map. ,JMP Weather Map (‡§µ‡§ø‡§ú‡•ç‡§û‡§æ‡§®),False,False
odIdhGsISfQ,UgzicW9JovV1rX_NukB4AaABAg,@radheshayampatidar8332,Ratlam.mp.me.barish.hogi.ki.nahi.soyabin.katvane.he.sir.krapya.bataye,2025-09-13T13:35:19Z,0,1,13 ‡§∏‡§ø‡§§‡§Ç‡§¨‡§∞ ‡§∏‡•á ‡§≤‡•á‡§ï‡§∞ 2 ‡§Ö‡§ï‡•ç‡§ü‡•Ç‡§¨‡§∞ 2025/20 Days Weather Forecast RainFall Precipitation Map. ,JMP Weather Map (‡§µ‡§ø‡§ú‡•ç‡§û‡§æ‡§®),False,False
odIdhGsISfQ,UgyJg1Mf6blRj2ZG8hp4AaABAg,@SureshSure-v6o,Maharashtra rain lite or heavy plz reply,2025-09-13T14:02:26Z,0,1,13 ‡§∏‡§ø‡§§‡§Ç‡§¨‡§∞ ‡§∏‡•á ‡§≤‡•á‡§ï‡§∞ 2 ‡§Ö‡§ï‡•ç‡§ü‡•Ç‡§¨‡§∞ 2025/20 Days Weather Forecast RainFall Precipitation Map. ,JMP Weather Map (‡§µ‡§ø‡§ú‡•ç‡§û‡§æ‡§®),True,True
odIdhGsISfQ,Ugy_J8Jo4iv_fM7Dy_d4AaABAg,@motisinghrajput361,Jalore Rajasthan me to nahi honge ab bajra katai salu karni hai,2025-09-13T15:30:35Z,0,1,13 ‡§∏‡§ø‡§§‡§Ç‡§¨‡§∞ ‡§∏‡•á ‡§≤‡•á‡§ï‡§∞ 2 ‡§Ö‡§ï‡•ç‡§ü‡•Ç‡§¨‡§∞ 2025/20 Days Weather Forecast RainFall Precipitation Map. ,JMP Weather Map (‡§µ‡§ø‡§ú‡•ç‡§û‡§æ‡§®),False,False
odIdhGsISfQ,UgzYRjQlxcD04x1eeX94AaABAg,@Futuretraveller-x6z,‡§ï‡•ç‡§Ø‡§æ 22 ‡§∏‡§ø‡§§‡§Ç‡§¨‡§∞ ‡§ï‡•ã ‡§®‡§ø‡§Æ‡•ç‡§® ‡§¶‡§¨‡§æ‡§µ ‡§ï‡•ç‡§∑‡•á‡§§‡•ç‡§∞ ‡§∏‡•á ‡§≤‡•á‡§ï‡§∞ 26 ‡§∏‡§ø‡§§‡§Ç‡§¨‡§∞ ‡§ï‡•ã ‡§ö‡§ï‡•ç‡§∞‡§µ‡§æ‡§§‡•Ä ‡§§‡•Ç‡§´‡§æ‡§® ‡§Ü‡§®‡•á ‡§ï‡•Ä ‡§ï‡•ã‡§à ‡§∏‡§Ç‡§≠‡§æ‡§µ‡§®‡§æ ‡§π‡•à?,2025-09-13T09:57:27Z,0,1,13 ‡§∏‡§ø‡§§‡§Ç‡§¨‡§∞ ‡§∏‡•á ‡§≤‡•á‡§ï‡§∞ 2 ‡§Ö‡§ï‡•ç‡§ü‡•Ç‡§¨‡§∞ 2025/20 Days Weather Forecast RainFall Precipitation Map. ,JMP Weather Map (‡§µ‡§ø‡§ú‡•ç‡§û‡§æ‡§®),False,False
odIdhGsISfQ,Ugz9c5WkgBmgFaw9K-Z4AaABAg,@prashantsharma5129,Morena mein barish kab tak jari rahege,2025-09-13T09:58:03Z,0,1,13 ‡§∏‡§ø‡§§‡§Ç‡§¨‡§∞ ‡§∏‡•á ‡§≤‡•á‡§ï‡§∞ 2 ‡§Ö‡§ï‡•ç‡§ü‡•Ç‡§¨‡§∞ 2025/20 Days Weather Forecast RainFall Precipitation Map. ,JMP Weather Map (‡§µ‡§ø‡§ú‡•ç‡§û‡§æ‡§®),False,False
odIdhGsISfQ,UgwB_FWFFdVEXfeg6Pt4AaABAg,@md-j5y,‡§á‡§∏ ‡§∏‡§ø‡§∏‡•ç‡§ü‡§Æ ‡§ï‡•á‡•§ ‡§™‡•ç‡§∞‡§≠‡§æ‡§µ ‡§∏‡•á ‡§ï‡•Å‡§õ ‡§ñ‡§æ‡§∏ ‡§¨‡§æ‡§∞‡§ø‡§∂ ‡§®‡§π‡•Ä‡§Ç ‡§π‡•ã‡§Ç ‡§∞‡§π‡•Ä ‡§Æ‡§∞‡§æ‡§†‡§µ‡§æ‡§°‡§º‡§æ ‡§Æ‡•á‡§Ç ‡§Æ‡§ß‡•ç‡§Ø‡§Æ ‡§π‡•Å‡§à ‡§π‡•à,2025-09-13T10:05:36Z,0,2,13 ‡§∏‡§ø‡§§‡§Ç‡§¨‡§∞ ‡§∏‡•á ‡§≤‡•á‡§ï‡§∞ 2 ‡§Ö‡§ï‡•ç‡§ü‡•Ç‡§¨‡§∞ 2025/20 Days Weather Forecast RainFall Precipitation Map. ,JMP Weather Map (‡§µ‡§ø‡§ú‡•ç‡§û‡§æ‡§®),False,False
8Ge7XC7s3E8,Ugy86x96f0tTJAiTDZ94AaABAg,@Karan_K7t,üëçüèª,2025-09-13T08:02:20Z,0,0,Next 25 Days Weather System Map Forec√†st South Asia Low pressure Monsoon Withdrawal. ,JMP Weather Map (‡§µ‡§ø‡§ú‡•ç‡§û‡§æ‡§®),False,False
8Ge7XC7s3E8,Ugxk_JCKFhjs4Qoitkp4AaABAg,@HasamukhbhaiPatel-gy3el,Om namah shivay Jay paravati ma Jay ganeshay namah shivay Jay kartikey bhagavan Jay Nandi bhagavan Jay kachaba bhagavan mami Papa badhu jay hanuman ji dada jay mahakal,2025-09-13T07:59:05Z,1,2,Next 25 Days Weather System Map Forec√†st South Asia Low pressure Monsoon Withdrawal. ,JMP Weather Map (‡§µ‡§ø‡§ú‡•ç‡§û‡§æ‡§®),False,False
8Ge7XC7s3E8,UgwCPRVZc-ey69S0wjp4AaABAg,@md-j5y,‡§Æ‡§∞‡§æ‡§†‡§µ‡§æ‡§°‡§º‡§æ ‡§Ö‡§ö‡•ç‡§õ‡•Ä ‡§¨‡§æ‡§∞‡§ø‡§∂ ‡§π‡•ã ‡§∞‡§π‡•Ä ‡§π‡•à,2025-09-13T07:40:42Z,0,1,Next 25 Days Weather System Map Forec√†st South Asia Low pressure Monsoon Withdrawal. ,JMP Weather Map (‡§µ‡§ø‡§ú‡•ç‡§û‡§æ‡§®),False,False
8Ge7XC7s3E8,Ugx7LxZgwitN5QorTo14AaABAg,@rajputsumanchamanbhaisingh4291,‡§π‡§ø‡§Æ‡§æ‡§ö‡§≤ ‡§™‡•ç‡§∞‡§¶‡•á‡§∂ ‡§Æ‡•á‡§Ç ‡§Ü‡§ú ‡§´‡§ø‡§∞ ‡§∏‡•á ‡§ï‡§à ‡§ú‡§ó‡§π‡•ã‡§Ç ‡§™‡§∞ ‡§ù‡§Æ‡§æ‡§ù‡§Æ ‡§¨‡§æ‡§∞‡§ø‡§∂ ‡§ï‡§æ ‡§¶‡•å‡§∞ ‡§∂‡•Å‡§∞‡•Ç ‡§π‡•ã ‡§ó‡§Ø‡§æ ‡§π‡•à ‡§π‡§ø‡§Æ‡§æ‡§ö‡§≤ ‡§ï‡•á ‡§¨‡§ø‡§≤‡§æ‡§∏‡§™‡•Å‡§∞ ‡§ú‡§ø‡§≤‡•á ‡§Æ‡•á‡§Ç ‡§¨‡§æ‡§¶‡§≤ ‡§´‡§ü ‡§ó‡§Ø‡§æ ‡§π‡•à ‡§î‡§∞ ‡§Æ‡§Ç‡§°‡•Ä ‡§ú‡§ø‡§≤‡•á ‡§Æ‡•á‡§Ç ‡§≠‡•Ä ‡§®‡•Å‡§ï‡§∏‡§æ‡§® ‡§ï‡•Ä ‡§ñ‡§¨‡§∞ ‡§π‡•à‡•§‡•§ 13 ‡§∏‡§ø‡§§‡§Ç‡§¨‡§∞ 2025,2025-09-13T07:21:58Z,0,1,Next 25 Days Weather System Map Forec√†st South Asia Low pressure Monsoon Withdrawal. ,JMP Weather Map (‡§µ‡§ø‡§ú‡•ç‡§û‡§æ‡§®),False,False
8Ge7XC7s3E8,UgzJajZZZY2VMCnXoQN4AaABAg,@alokmohanty-pk5kj,abhi coastal odisha me heavy rain ho Rahi hai.cyclone ka khatara hai kya odisha ko,2025-09-13T07:23:48Z,0,1,Next 25 Days Weather System Map Forec√†st South Asia Low pressure Monsoon Withdrawal. ,JMP Weather Map (‡§µ‡§ø‡§ú‡•ç‡§û‡§æ‡§®),True,True
8Ge7XC7s3E8,UgyYkr_9rLLiMIyQYhN4AaABAg,@sureshBishnoi-x9e,"A ‡§ï‡§æ ‡§ï‡•ç‡§Ø‡§æ ‡§Æ‡§§‡§≤‡§¨ ‡§π‡•à 
C for cyclone üåÄ 
LP low pressure",2025-09-13T07:07:16Z,0,4,Next 25 Days Weather System Map Forec√†st South Asia Low pressure Monsoon Withdrawal. ,JMP Weather Map (‡§µ‡§ø‡§ú‡•ç‡§û‡§æ‡§®),True,False
8Ge7XC7s3E8,UgxHvqSW95ggdY0UZBl4AaABAg,@RKvideo21,Tera prediction bilkul galat he,2025-09-13T11:35:05Z,1,0,Next 25 Days Weather System Map Forec√†st South Asia Low pressure Monsoon Withdrawal. ,JMP Weather Map (‡§µ‡§ø‡§ú‡•ç‡§û‡§æ‡§®),False,False
8Ge7XC7s3E8,UgwaMFcK6cK1oN2W17F4AaABAg,@GudduKumar-e7q5m,Kabhi. Bolte. Ho. Nahi. Hogi. A bhi. Kabhi. Bolte. Ho. Hogi. Dimag. Satak. Gaya. Hai. KyaüòÇüòÇ,2025-09-13T08:15:40Z,0,2,Next 25 Days Weather System Map Forec√†st South Asia Low pressure Monsoon Withdrawal. ,JMP Weather Map (‡§µ‡§ø‡§ú‡•ç‡§û‡§æ‡§®),False,False
8Zjmw3xfgZA,UgzNmTNoaatzrxgh1lJ4AaABAg,@himalayadehury8316,Sarat ku kichhi jana naiüòÖ,2025-09-14T00:55:59Z,0,0,‡¨∏‡¨Æ‡≠ç‡¨≠‡¨æ‡¨¨‡¨®‡¨æ ‡¨¨‡¨¢‡¨º‡¨ø‡¨≤‡¨æ‡¨¨‡¨æ‡¨§‡≠ç‡≠ü‡¨æ ‡¨∏‡¨Æ‡≠ü ‡¨™‡¨æ‡¨ñ‡≠á‡¨á‡¨≤‡¨æ?Cyclone News Today | Cyclone In October | La Nina Impact in Odisha,News18 Odia,False,False
8Zjmw3xfgZA,UgwJ78HXHOqDeU21p-14AaABAg,@sashikantasahoo2623,Kichhi habani,2025-09-13T18:44:04Z,1,0,‡¨∏‡¨Æ‡≠ç‡¨≠‡¨æ‡¨¨‡¨®‡¨æ ‡¨¨‡¨¢‡¨º‡¨ø‡¨≤‡¨æ‡¨¨‡¨æ‡¨§‡≠ç‡≠ü‡¨æ ‡¨∏‡¨Æ‡≠ü ‡¨™‡¨æ‡¨ñ‡≠á‡¨á‡¨≤‡¨æ?Cyclone News Today | Cyclone In October | La Nina Impact in Odisha,News18 Odia,False,False
8Zjmw3xfgZA,UgyTJGTuLBOaql2NPT94AaABAg,@sayedanwaruddin827,Kahinki lokamananku hairan karucha Apananka katha madhya bibhrantikari ye sabu 99% daha michha,2025-09-13T21:24:51Z,1,0,‡¨∏‡¨Æ‡≠ç‡¨≠‡¨æ‡¨¨‡¨®‡¨æ ‡¨¨‡¨¢‡¨º‡¨ø‡¨≤‡¨æ‡¨¨‡¨æ‡¨§‡≠ç‡≠ü‡¨æ ‡¨∏‡¨Æ‡≠ü ‡¨™‡¨æ‡¨ñ‡≠á‡¨á‡¨≤‡¨æ?Cyclone News Today | Cyclone In October | La Nina Impact in Odisha,News18 Odia,False,False
8Zjmw3xfgZA,UgzUSFvg4blTC2LgDZx4AaABAg,@SudarshanNayak-dq3bv,Kichidi  janinu.  Michare  lokamanaku bhayabita karauchha.,2025-09-13T19:32:56Z,0,0,‡¨∏‡¨Æ‡≠ç‡¨≠‡¨æ‡¨¨‡¨®‡¨æ ‡¨¨‡¨¢‡¨º‡¨ø‡¨≤‡¨æ‡¨¨‡¨æ‡¨§‡≠ç‡≠ü‡¨æ ‡¨∏‡¨Æ‡≠ü ‡¨™‡¨æ‡¨ñ‡≠á‡¨á‡¨≤‡¨æ?Cyclone News Today | Cyclone In October | La Nina Impact in Odisha,News18 Odia,False,False
8Zjmw3xfgZA,Ugxjf8R21TZQFa5hxlF4AaABAg,@musharaaj4044,‡¨§‡¨Æ‡≠á ‡¨≠‡¨æ‡¨á ‡¨≤‡¨ô‡≠ç‡¨ï‡¨ï‡≠Å ‡¨°‡¨º‡¨∞‡¨æ‡¨Ö ‡¨®‡¨ø,2025-09-13T17:38:27Z,0,0,‡¨∏‡¨Æ‡≠ç‡¨≠‡¨æ‡¨¨‡¨®‡¨æ ‡¨¨‡¨¢‡¨º‡¨ø‡¨≤‡¨æ‡¨¨‡¨æ‡¨§‡≠ç‡≠ü‡¨æ ‡¨∏‡¨Æ‡≠ü ‡¨™‡¨æ‡¨ñ‡≠á‡¨á‡¨≤‡¨æ?Cyclone News Today | Cyclone In October | La Nina Impact in Odisha,News18 Odia,False,False
UF_m0tPkrV0,UgwWovYLloF7JS3072Z4AaABAg,@VaniDendukuri,"Yes ‡∞ö‡∞æ‡∞≤‡∞æ ‡∞¨‡∞æ‡∞ó‡∞æ ‡∞ö‡±Ü‡∞™‡±ç‡∞™‡∞æ‡∞∞‡±Å 
‡∞™‡±ç‡∞∞‡∞ï‡±É‡∞§‡∞ø ‡∞Æ‡±Å‡∞Ç‡∞¶‡±Å ‡∞Ö‡∞Ç‡∞§‡∞æ ‡∞ö‡∞ø‡∞®‡±ç‡∞®‡∞¶‡±á üëåüëå",2025-09-09T10:38:56Z,13,1,"Bay of Bengal Cyclone Alert 2025: 3 Major Storms Hitting Odisha, Andhra Pradesh, Tamil Nadu |",Sakshi TV,False,False
UF_m0tPkrV0,Ugz-uuadC1Uc96zw5Z14AaABAg,@klkrishnakumar8163,"‡∞Ö‡∞§‡∞ø‡∞∂‡∞Ø‡±ã‡∞ï‡±ç‡∞§‡±Å‡∞≤‡±Å ‡∞µ‡∞¶‡±ç‡∞¶‡±Å. ‡∞™‡±ç‡∞∞‡∞ú‡∞≤‡∞®‡±Å ‡∞Æ‡±Å‡∞ñ‡±ç‡∞Ø‡∞Æ‡±Å‡∞ó‡∞æ ‡∞µ‡∞∞‡∞ø ‡∞™‡∞Ç‡∞ü, ‡∞Ö‡∞∞‡∞ü‡∞ø ‡∞∏‡∞æ‡∞ó‡±Å ‡∞ö‡±á‡∞∏‡±á ‡∞∞‡±à‡∞§‡±Å‡∞≤‡∞®‡±Å ‡∞≠‡∞Ø‡∞¨‡±ç‡∞∞‡∞æ‡∞Ç‡∞§‡±Å‡∞≤‡∞®‡±Å ‡∞ö‡±á‡∞∏‡±á ‡∞µ‡∞ø‡∞ß‡∞Ç‡∞ó‡∞æ ‡∞Æ‡±Ä‡∞∞‡±Å ‡∞ö‡±Ü‡∞™‡±Å‡∞§‡±Å‡∞®‡±ç‡∞®‡∞æ‡∞∞‡±Å.",2025-09-09T09:46:31Z,7,0,"Bay of Bengal Cyclone Alert 2025: 3 Major Storms Hitting Odisha, Andhra Pradesh, Tamil Nadu |",Sakshi TV,False,False
UF_m0tPkrV0,UgwF-VRkI-gO3qdbOLx4AaABAg,@user-yb8lr1tx9f,‡∞ö‡∞æ‡∞≤‡∞æ ‡∞∏‡±Ç‡∞™‡∞∞‡±ç ‡∞ó‡∞æ ‡∞ö‡±Ü‡∞™‡±ç‡∞™‡∞æ‡∞∞‡±Å ‡∞Æ‡±á‡∞°‡∞Ç ‡∞Ö‡∞≤‡±ç‡∞ü‡∞ø‡∞Æ‡±á‡∞ü‡±ç. ‡∞Æ‡±Ä‡∞∞‡±Å ‡∞ö‡∞æ‡∞≤‡∞æ ‡∞Æ‡∞Ç‡∞ö‡∞ø ‡∞Ø‡∞æ‡∞Ç‡∞ï‡∞∞‡±ç ‡∞Ö‡∞µ‡±Å‡∞§‡∞æ‡∞∞‡±Å. ‡∞Æ‡±Ä ‡∞Æ‡∞æ‡∞ü‡∞≤‡±Å ‡∞á‡∞Ç‡∞ï‡∞æ ‡∞á‡∞Ç‡∞ï‡∞æ ‡∞µ‡∞ø‡∞®‡∞æ‡∞≤‡∞®‡∞ø‡∞™‡∞ø‡∞∏‡±ç‡∞§‡±Å‡∞Ç‡∞¶‡∞ø ‡∞Æ‡±Ä‡∞∞‡±Å ‡∞ö‡±Ü‡∞™‡±ç‡∞™‡±á ‡∞µ‡∞ø‡∞ß‡∞æ‡∞®‡∞Ç ‡∞ö‡∞æ‡∞≤‡∞æ ‡∞¨‡∞æ‡∞ó‡±Å‡∞Ç‡∞¶‡∞ø,2025-09-09T10:40:45Z,4,0,"Bay of Bengal Cyclone Alert 2025: 3 Major Storms Hitting Odisha, Andhra Pradesh, Tamil Nadu |",Sakshi TV,False,False
UF_m0tPkrV0,UgwFIyTqRQ8DQlJftEp4AaABAg,@nakkarajendraprasad763,"Maa kakinada lo ‡∞Æ‡±Ç‡∞°‡±Å ‡∞∞‡±ã‡∞ú‡±Å‡∞≤‡∞®‡±Å‡∞Ç‡∞°‡±Ä ‡∞¨‡∞æ‡∞ó‡∞æ ‡∞é‡∞Ç‡∞° ‡∞ï‡∞æ‡∞∏‡±ç‡∞§‡±Å‡∞Ç‡∞¶‡∞ø,‡∞µ‡∞∞‡±ç‡∞∑‡∞æ‡∞≤‡±Å ‡∞≤‡±á‡∞µ‡±Å ,",2025-09-09T13:36:56Z,2,0,"Bay of Bengal Cyclone Alert 2025: 3 Major Storms Hitting Odisha, Andhra Pradesh, Tamil Nadu |",Sakshi TV,False,True
UF_m0tPkrV0,UgzBoahnqhy2m_4DcuZ4AaABAg,@viswanadhasastry3829,‡∞™‡∞Ç‡∞ö‡∞æ‡∞Ç‡∞ó‡∞æ ‡∞ï‡∞∞‡±ç‡∞§‡∞≤‡±Å ‡∞ö‡∞æ‡∞≤‡∞æ ‡∞∞‡±ã‡∞ú‡±Å‡∞≤‡±Å ‡∞®‡±Å‡∞Ç‡∞ö‡∞ø ‡∞Æ‡±ä‡∞§‡±ç‡∞§‡±Å ‡∞ï‡±Å‡∞Ç‡∞ü‡±Å‡∞®‡±ç‡∞®‡∞æ‡∞∞‡±Å.,2025-09-11T10:58:26Z,0,0,"Bay of Bengal Cyclone Alert 2025: 3 Major Storms Hitting Odisha, Andhra Pradesh, Tamil Nadu |",Sakshi TV,False,False
UF_m0tPkrV0,UgwhG1REjfdOk_p4F0h4AaABAg,@apparaok3868,Rulers enjoys for the Donations and Central Funds.,2025-09-09T08:35:00Z,3,0,"Bay of Bengal Cyclone Alert 2025: 3 Major Storms Hitting Odisha, Andhra Pradesh, Tamil Nadu |",Sakshi TV,False,False
UF_m0tPkrV0,UgxXI8yelbancAW_Yoh4AaABAg,@vincyb5427,Christmas vala chala suvartha Dhevuni prema december lo chala bayataki veltundi Dhevudu december lo thupanu rakunda Dhevudu aputharu chustu undandi jesus name amen,2025-09-09T11:26:15Z,1,0,"Bay of Bengal Cyclone Alert 2025: 3 Major Storms Hitting Odisha, Andhra Pradesh, Tamil Nadu |",Sakshi TV,False,False
UF_m0tPkrV0,UgwYtXsDxSxY6EbYjP14AaABAg,@jayannaVusupetla,Kondhariki nammakamundadhu punjab laaga munuguthe appudu nammuthaaru anthavaraku yetakaaram thaggadhu üòÆüòÆüòÆ,2025-09-09T17:55:14Z,0,0,"Bay of Bengal Cyclone Alert 2025: 3 Major Storms Hitting Odisha, Andhra Pradesh, Tamil Nadu |",Sakshi TV,False,False
UF_m0tPkrV0,Ugwo2va0kdLZKwOywRt4AaABAg,@maqboolansari4822,God  save all  all safe  that save   my  A P st  thankes,2025-09-09T18:08:56Z,0,0,"Bay of Bengal Cyclone Alert 2025: 3 Major Storms Hitting Odisha, Andhra Pradesh, Tamil Nadu |",Sakshi TV,False,False
UF_m0tPkrV0,UgzzfyHaYEwMoMt9C7Z4AaABAg,@sdshahul1269,"Good report üëç 
Aunty ‚ù§üòÖ",2025-09-09T13:15:20Z,0,0,"Bay of Bengal Cyclone Alert 2025: 3 Major Storms Hitting Odisha, Andhra Pradesh, Tamil Nadu |",Sakshi TV,False,False
UF_m0tPkrV0,UgyAp_4Eol6UatvS3_J4AaABAg,@MALLIKARJUNASANDIBOINA,Eroju me Entiki kondharu ravachuüòÇ,2025-09-09T10:38:18Z,1,0,"Bay of Bengal Cyclone Alert 2025: 3 Major Storms Hitting Odisha, Andhra Pradesh, Tamil Nadu |",Sakshi TV,False,False
UF_m0tPkrV0,Ugw51ONCk1RoLzP1pC54AaABAg,@rajukuppili9671,‡∞®‡∞æ ‚ù§‡∞≤‡±ã ‡∞∏‡±ä‡∞≤‡±ç‡∞≤‡±Å ‡∞ï‡∞¨‡±Å‡∞∞‡±ç‡∞≤‡±Å ‡∞Æ‡∞ø‡∞Ç‡∞ó‡∞ï‡±Å‡∞Ç‡∞° ‡∞∏‡±Ç‡∞ü‡∞ø‡∞ó‡∞æ ‡∞∏‡±ç‡∞™‡∞∑‡±ç‡∞ü‡∞Ç‡∞ó‡∞æ ‡∞ö‡±Ü‡∞™‡±ç‡∞™‡±Å,2025-09-09T08:35:49Z,2,0,"Bay of Bengal Cyclone Alert 2025: 3 Major Storms Hitting Odisha, Andhra Pradesh, Tamil Nadu |",Sakshi TV,False,False
UF_m0tPkrV0,Ugzf_iw7zQmNZR0snZ14AaABAg,@SurapaneniNarendraPrasad,üòÆüòÆüòÆ,2025-09-09T10:59:27Z,0,0,"Bay of Bengal Cyclone Alert 2025: 3 Major Storms Hitting Odisha, Andhra Pradesh, Tamil Nadu |",Sakshi TV,False,False
UF_m0tPkrV0,UgzysfHobYNt2Ua7Wph4AaABAg,@srihariraonaidukotla809,‡∞¨‡∞æ‡∞¨‡±Å ‡∞™‡∞æ‡∞≤‡∞® ‡∞≤‡±ã ‡∞™‡±ç‡∞∞‡∞ï‡±É‡∞§‡∞ø ‡∞µ‡∞ø‡∞≤‡∞Ø ‡∞§‡∞æ‡∞Ç‡∞°‡∞µ‡∞Ç ‡∞ö‡±á‡∞∏‡±ç‡∞§‡±Å‡∞Ç‡∞¶‡∞ø.,2025-09-10T16:25:28Z,0,0,"Bay of Bengal Cyclone Alert 2025: 3 Major Storms Hitting Odisha, Andhra Pradesh, Tamil Nadu |",Sakshi TV,False,False
UF_m0tPkrV0,UgxKqs3giyKhnESFiel4AaABAg,@gmallesh5199,Amma talli apu chalinka,2025-09-09T10:40:25Z,0,0,"Bay of Bengal Cyclone Alert 2025: 3 Major Storms Hitting Odisha, Andhra Pradesh, Tamil Nadu |",Sakshi TV,False,False
3Eu2QwncE4M,Ugxzr1jPqCOB6Jho3mV4AaABAg,@naazsaifi1473,Can we say cloudburst is also a result of global warming?,2025-08-08T10:25:31Z,1,1,Cloudburst : When the Sky Explodes | Explained through Animation,Vajiram and Ravi Official,False,False
3Eu2QwncE4M,UgzfErT5kr_o0bIAWlp4AaABAg,@nidaahsan3226,Only 4 dead..? impossible,2025-08-07T19:56:00Z,1,1,Cloudburst : When the Sky Explodes | Explained through Animation,Vajiram and Ravi Official,False,False
h4QgeAwhfJE,UgxX8EOoixfeKPY8Z-h4AaABAg,@thetorch3014,Congratulations to Nair.. He waited so long to prove his talent,2025-07-31T19:10:01Z,1,0,Russia Earthquake: Tsunami Alert in Hawaii After 8.8 Magnitude Quake Hits Russia | WION,WION,False,False
h4QgeAwhfJE,UgxwV6i3i6JR54D27H14AaABAg,@PSTRCSouthern,Maybe Trump negotiate a ceasefire with Tsunami? üòÇüòÇüòÇüòÇüòÇ,2025-07-31T19:51:33Z,1,0,Russia Earthquake: Tsunami Alert in Hawaii After 8.8 Magnitude Quake Hits Russia | WION,WION,True,False
h4QgeAwhfJE,Ugzp52mMtb7T0XccQNx4AaABAg,@kodakkadkodakkadkunnappall3321,"‡¥é‡¥®‡µç‡¥®‡¥ø‡¥ü‡µç‡¥ü‡µç ‡¥á‡¥µ‡¥ø‡¥ü‡µÜ ‡¥ö‡¥ø‡¥≤ ‡¥ö‡¥æ‡¥®‡¥≤‡¥ø‡µΩ ‡¥™‡¥±‡¥û‡µç‡¥û‡¥§‡µç 30,40 ‡¥∏‡µÜ‡µª‡µç‡¥±‡¥ø‡¥Æ‡µÄ‡¥±‡µç‡¥±‡µº ‡¥â‡¥Ø‡¥∞‡¥Æ‡µÅ‡¥≥‡µç‡¥≥ ‡¥§‡¥ø‡¥∞ ‡¥Ö‡¥ü‡¥ø‡¥ö‡µç‡¥ö‡µÅ ‡¥é‡¥®‡µç‡¥®‡¥æ‡¥£‡µç",2025-08-01T00:42:17Z,0,0,Russia Earthquake: Tsunami Alert in Hawaii After 8.8 Magnitude Quake Hits Russia | WION,WION,False,False
h4QgeAwhfJE,UgycaQx37dU_J7qMsRd4AaABAg,@juliegwilliam8503,I SMELT THE BS!,2025-07-31T19:56:58Z,2,0,Russia Earthquake: Tsunami Alert in Hawaii After 8.8 Magnitude Quake Hits Russia | WION,WION,False,False
h4QgeAwhfJE,UgxII8htJl-m2HAJ2M54AaABAg,@cynthiacordle,"Sad to think about, but could a higher being be punishing Russia for what their doing.. just a thought.....",2025-07-31T21:13:33Z,1,0,Russia Earthquake: Tsunami Alert in Hawaii After 8.8 Magnitude Quake Hits Russia | WION,WION,False,False
h4QgeAwhfJE,Ugz-Pm9Yl-haiQ6iHRN4AaABAg,@nedmilburn,USA HAARP device used in Antarctica...,2025-08-04T02:53:00Z,0,0,Russia Earthquake: Tsunami Alert in Hawaii After 8.8 Magnitude Quake Hits Russia | WION,WION,False,False
h4QgeAwhfJE,Ugw3h3jIE7V_BqqV9xR4AaABAg,@ankitasarma3517,What is this accentüòÇ,2025-08-01T08:01:37Z,0,0,Russia Earthquake: Tsunami Alert in Hawaii After 8.8 Magnitude Quake Hits Russia | WION,WION,False,False
h4QgeAwhfJE,UgwdI49zLuDXOfLsPrR4AaABAg,@spotoncam3640,End of World is CLOSE,2025-08-01T06:48:30Z,0,0,Russia Earthquake: Tsunami Alert in Hawaii After 8.8 Magnitude Quake Hits Russia | WION,WION,False,False
h4QgeAwhfJE,Ugw5C8n90ggH4isc4YR4AaABAg,@wiparoneill3849,‚ù§üéâüò≠üò≠üò≠üåπüôèüëçüèºüôèüèºüò≠üò≠üåπüåπ,2025-07-31T20:21:50Z,0,0,Russia Earthquake: Tsunami Alert in Hawaii After 8.8 Magnitude Quake Hits Russia | WION,WION,False,False
h4QgeAwhfJE,UgwjyhBW2KJAUb6k5v14AaABAg,@jorget1538,Lying to get morr viewers. üòÇüòÇüòÇüòÇ,2025-08-01T02:24:31Z,0,0,Russia Earthquake: Tsunami Alert in Hawaii After 8.8 Magnitude Quake Hits Russia | WION,WION,False,False
UF_m0tPkrV0,UgwWovYLloF7JS3072Z4AaABAg,@VaniDendukuri,"Yes ‡∞ö‡∞æ‡∞≤‡∞æ ‡∞¨‡∞æ‡∞ó‡∞æ ‡∞ö‡±Ü‡∞™‡±ç‡∞™‡∞æ‡∞∞‡±Å 
‡∞™‡±ç‡∞∞‡∞ï‡±É‡∞§‡∞ø ‡∞Æ‡±Å‡∞Ç‡∞¶‡±Å ‡∞Ö‡∞Ç‡∞§‡∞æ ‡∞ö‡∞ø‡∞®‡±ç‡∞®‡∞¶‡±á üëåüëå",2025-09-09T10:38:56Z,13,1,"Bay of Bengal Cyclone Alert 2025: 3 Major Storms Hitting Odisha, Andhra Pradesh, Tamil Nadu |",Sakshi TV,False,False
UF_m0tPkrV0,Ugz-uuadC1Uc96zw5Z14AaABAg,@klkrishnakumar8163,"‡∞Ö‡∞§‡∞ø‡∞∂‡∞Ø‡±ã‡∞ï‡±ç‡∞§‡±Å‡∞≤‡±Å ‡∞µ‡∞¶‡±ç‡∞¶‡±Å. ‡∞™‡±ç‡∞∞‡∞ú‡∞≤‡∞®‡±Å ‡∞Æ‡±Å‡∞ñ‡±ç‡∞Ø‡∞Æ‡±Å‡∞ó‡∞æ ‡∞µ‡∞∞‡∞ø ‡∞™‡∞Ç‡∞ü, ‡∞Ö‡∞∞‡∞ü‡∞ø ‡∞∏‡∞æ‡∞ó‡±Å ‡∞ö‡±á‡∞∏‡±á ‡∞∞‡±à‡∞§‡±Å‡∞≤‡∞®‡±Å ‡∞≠‡∞Ø‡∞¨‡±ç‡∞∞‡∞æ‡∞Ç‡∞§‡±Å‡∞≤‡∞®‡±Å ‡∞ö‡±á‡∞∏‡±á ‡∞µ‡∞ø‡∞ß‡∞Ç‡∞ó‡∞æ ‡∞Æ‡±Ä‡∞∞‡±Å ‡∞ö‡±Ü‡∞™‡±Å‡∞§‡±Å‡∞®‡±ç‡∞®‡∞æ‡∞∞‡±Å.",2025-09-09T09:46:31Z,7,0,"Bay of Bengal Cyclone Alert 2025: 3 Major Storms Hitting Odisha, Andhra Pradesh, Tamil Nadu |",Sakshi TV,False,False
UF_m0tPkrV0,UgwF-VRkI-gO3qdbOLx4AaABAg,@user-yb8lr1tx9f,‡∞ö‡∞æ‡∞≤‡∞æ ‡∞∏‡±Ç‡∞™‡∞∞‡±ç ‡∞ó‡∞æ ‡∞ö‡±Ü‡∞™‡±ç‡∞™‡∞æ‡∞∞‡±Å ‡∞Æ‡±á‡∞°‡∞Ç ‡∞Ö‡∞≤‡±ç‡∞ü‡∞ø‡∞Æ‡±á‡∞ü‡±ç. ‡∞Æ‡±Ä‡∞∞‡±Å ‡∞ö‡∞æ‡∞≤‡∞æ ‡∞Æ‡∞Ç‡∞ö‡∞ø ‡∞Ø‡∞æ‡∞Ç‡∞ï‡∞∞‡±ç ‡∞Ö‡∞µ‡±Å‡∞§‡∞æ‡∞∞‡±Å. ‡∞Æ‡±Ä ‡∞Æ‡∞æ‡∞ü‡∞≤‡±Å ‡∞á‡∞Ç‡∞ï‡∞æ ‡∞á‡∞Ç‡∞ï‡∞æ ‡∞µ‡∞ø‡∞®‡∞æ‡∞≤‡∞®‡∞ø‡∞™‡∞ø‡∞∏‡±ç‡∞§‡±Å‡∞Ç‡∞¶‡∞ø ‡∞Æ‡±Ä‡∞∞‡±Å ‡∞ö‡±Ü‡∞™‡±ç‡∞™‡±á ‡∞µ‡∞ø‡∞ß‡∞æ‡∞®‡∞Ç ‡∞ö‡∞æ‡∞≤‡∞æ ‡∞¨‡∞æ‡∞ó‡±Å‡∞Ç‡∞¶‡∞ø,2025-09-09T10:40:45Z,4,0,"Bay of Bengal Cyclone Alert 2025: 3 Major Storms Hitting Odisha, Andhra Pradesh, Tamil Nadu |",Sakshi TV,False,False
UF_m0tPkrV0,UgwFIyTqRQ8DQlJftEp4AaABAg,@nakkarajendraprasad763,"Maa kakinada lo ‡∞Æ‡±Ç‡∞°‡±Å ‡∞∞‡±ã‡∞ú‡±Å‡∞≤‡∞®‡±Å‡∞Ç‡∞°‡±Ä ‡∞¨‡∞æ‡∞ó‡∞æ ‡∞é‡∞Ç‡∞° ‡∞ï‡∞æ‡∞∏‡±ç‡∞§‡±Å‡∞Ç‡∞¶‡∞ø,‡∞µ‡∞∞‡±ç‡∞∑‡∞æ‡∞≤‡±Å ‡∞≤‡±á‡∞µ‡±Å ,",2025-09-09T13:36:56Z,2,0,"Bay of Bengal Cyclone Alert 2025: 3 Major Storms Hitting Odisha, Andhra Pradesh, Tamil Nadu |",Sakshi TV,False,True
UF_m0tPkrV0,UgzBoahnqhy2m_4DcuZ4AaABAg,@viswanadhasastry3829,‡∞™‡∞Ç‡∞ö‡∞æ‡∞Ç‡∞ó‡∞æ ‡∞ï‡∞∞‡±ç‡∞§‡∞≤‡±Å ‡∞ö‡∞æ‡∞≤‡∞æ ‡∞∞‡±ã‡∞ú‡±Å‡∞≤‡±Å ‡∞®‡±Å‡∞Ç‡∞ö‡∞ø ‡∞Æ‡±ä‡∞§‡±ç‡∞§‡±Å ‡∞ï‡±Å‡∞Ç‡∞ü‡±Å‡∞®‡±ç‡∞®‡∞æ‡∞∞‡±Å.,2025-09-11T10:58:26Z,0,0,"Bay of Bengal Cyclone Alert 2025: 3 Major Storms Hitting Odisha, Andhra Pradesh, Tamil Nadu |",Sakshi TV,False,False
UF_m0tPkrV0,UgwhG1REjfdOk_p4F0h4AaABAg,@apparaok3868,Rulers enjoys for the Donations and Central Funds.,2025-09-09T08:35:00Z,3,0,"Bay of Bengal Cyclone Alert 2025: 3 Major Storms Hitting Odisha, Andhra Pradesh, Tamil Nadu |",Sakshi TV,False,False
UF_m0tPkrV0,UgxXI8yelbancAW_Yoh4AaABAg,@vincyb5427,Christmas vala chala suvartha Dhevuni prema december lo chala bayataki veltundi Dhevudu december lo thupanu rakunda Dhevudu aputharu chustu undandi jesus name amen,2025-09-09T11:26:15Z,1,0,"Bay of Bengal Cyclone Alert 2025: 3 Major Storms Hitting Odisha, Andhra Pradesh, Tamil Nadu |",Sakshi TV,False,False
UF_m0tPkrV0,UgwYtXsDxSxY6EbYjP14AaABAg,@jayannaVusupetla,Kondhariki nammakamundadhu punjab laaga munuguthe appudu nammuthaaru anthavaraku yetakaaram thaggadhu üòÆüòÆüòÆ,2025-09-09T17:55:14Z,0,0,"Bay of Bengal Cyclone Alert 2025: 3 Major Storms Hitting Odisha, Andhra Pradesh, Tamil Nadu |",Sakshi TV,False,False
UF_m0tPkrV0,Ugwo2va0kdLZKwOywRt4AaABAg,@maqboolansari4822,God  save all  all safe  that save   my  A P st  thankes,2025-09-09T18:08:56Z,0,0,"Bay of Bengal Cyclone Alert 2025: 3 Major Storms Hitting Odisha, Andhra Pradesh, Tamil Nadu |",Sakshi TV,False,False
UF_m0tPkrV0,UgzzfyHaYEwMoMt9C7Z4AaABAg,@sdshahul1269,"Good report üëç 
Aunty ‚ù§üòÖ",2025-09-09T13:15:20Z,0,0,"Bay of Bengal Cyclone Alert 2025: 3 Major Storms Hitting Odisha, Andhra Pradesh, Tamil Nadu |",Sakshi TV,False,False
UF_m0tPkrV0,UgyAp_4Eol6UatvS3_J4AaABAg,@MALLIKARJUNASANDIBOINA,Eroju me Entiki kondharu ravachuüòÇ,2025-09-09T10:38:18Z,1,0,"Bay of Bengal Cyclone Alert 2025: 3 Major Storms Hitting Odisha, Andhra Pradesh, Tamil Nadu |",Sakshi TV,False,False
UF_m0tPkrV0,Ugw51ONCk1RoLzP1pC54AaABAg,@rajukuppili9671,‡∞®‡∞æ ‚ù§‡∞≤‡±ã ‡∞∏‡±ä‡∞≤‡±ç‡∞≤‡±Å ‡∞ï‡∞¨‡±Å‡∞∞‡±ç‡∞≤‡±Å ‡∞Æ‡∞ø‡∞Ç‡∞ó‡∞ï‡±Å‡∞Ç‡∞° ‡∞∏‡±Ç‡∞ü‡∞ø‡∞ó‡∞æ ‡∞∏‡±ç‡∞™‡∞∑‡±ç‡∞ü‡∞Ç‡∞ó‡∞æ ‡∞ö‡±Ü‡∞™‡±ç‡∞™‡±Å,2025-09-09T08:35:49Z,2,0,"Bay of Bengal Cyclone Alert 2025: 3 Major Storms Hitting Odisha, Andhra Pradesh, Tamil Nadu |",Sakshi TV,False,False
UF_m0tPkrV0,Ugzf_iw7zQmNZR0snZ14AaABAg,@SurapaneniNarendraPrasad,üòÆüòÆüòÆ,2025-09-09T10:59:27Z,0,0,"Bay of Bengal Cyclone Alert 2025: 3 Major Storms Hitting Odisha, Andhra Pradesh, Tamil Nadu |",Sakshi TV,False,False
UF_m0tPkrV0,UgzysfHobYNt2Ua7Wph4AaABAg,@srihariraonaidukotla809,‡∞¨‡∞æ‡∞¨‡±Å ‡∞™‡∞æ‡∞≤‡∞® ‡∞≤‡±ã ‡∞™‡±ç‡∞∞‡∞ï‡±É‡∞§‡∞ø ‡∞µ‡∞ø‡∞≤‡∞Ø ‡∞§‡∞æ‡∞Ç‡∞°‡∞µ‡∞Ç ‡∞ö‡±á‡∞∏‡±ç‡∞§‡±Å‡∞Ç‡∞¶‡∞ø.,2025-09-10T16:25:28Z,0,0,"Bay of Bengal Cyclone Alert 2025: 3 Major Storms Hitting Odisha, Andhra Pradesh, Tamil Nadu |",Sakshi TV,False,False
UF_m0tPkrV0,UgxKqs3giyKhnESFiel4AaABAg,@gmallesh5199,Amma talli apu chalinka,2025-09-09T10:40:25Z,0,0,"Bay of Bengal Cyclone Alert 2025: 3 Major Storms Hitting Odisha, Andhra Pradesh, Tamil Nadu |",Sakshi TV,False,False
